Equal_Length,Larger_by_1,Larger_by_2, Larger_by_3, Larger_by_4, Larger_by_5,Larger_by_6,Larger_by_7,Larger_by_8,Larger_by_9,Larger_by_10,Larger_by_more_than_10,Larger_by_3,Larger_by_4,Larger_by_5
0.19968424745643784,0.2377889525591549,0.1784001871126184,,,,0.034284489143569956,0.023720422562663237,0.016313881417378086,0.011908938525708495,0.008946322067594433,0.038708922932990296,0.1200444392468717,0.07930846294780337,0.05089073402720929
